{"totalDeals":1812,"newDeals":45,"wonDeals":18,"lostDeals":18,"openDeals":105,"revenue":17931,"lostRevenue":75334,"averageDealSize":2869.7812548369266,"averageWonDealSize":996.1666666666666,"createdPrevPeriod":51,"newDealsValue":96390,"averageNewDealSize":2142,"activeDealsValue":592945}